first_name,cantidad
Georgi,253
Bezalel,228
Parto,228
Chirstian,226
Kyoichi,251
Anneke,225
Tzvetan,241
Saniya,257
Sumant,249
Duangkaew,226
Mary,224
Patricio,237
Eberhardt,246
Berni,234
Guoxiang,255
Kazuhito,245
Cristinel,221
Kazuhide,234
Lillian,243
Mayuko,259
Ramzi,265
Shahaf,229
Bojan,263
Suzette,242
Prasadram,242
Yongqiao,249
Divier,247
Domenick,228
Otmar,232
Elvis,246
Karsten,242
Jeong,239
Arif,204
Bader,202
Alain,240
Adamantios,206
Pradeep,227
Huan,242
Alejandro,211
Weiyi,224
Uri,225
Magy,223
Yishay,217
Mingsen,249
Moss,245
Lucien,227
Zvonko,258
Florian,222
Basil,236
Yinghua,242
Hidefumi,222
Heping,239
Sanjiv,212
Mayumi,253
Georgy,242
Brendon,202
Ebbe,190
Berhard,251
Breannda,243
Tse,229
Anoosh,230
Gino,248
Udi,235
Satosi,213
Kwee,234
Claudi,245
Charlene,263
Margareta,232
Reuven,218
Hisao,222
Hironoby,219
Shir,256
Mokhtar,262
Gao,244
Erez,221
Mona,224
Danel,224
Kshitij,207
Premal,225
Zhongwei,241
Parviz,234
Vishv,247
Tuval,265
Kenroku,258
Somnath,240
Xinglin,249
Jungsoon,250
Sudharsan,238
Kendra,232
Amabile,240
Valdiodio,231
Sailaja,237
Arumugam,228
Hilari,241
Jayson,235
Remzi,242
Sreekrishna,272
Valter,202
Hironobu,236
Perla,198
Paraskevi,248
Akemi,259
Xinyu,247
Eben,239
Dung,216
Lunjin,242
Mariusz,224
Xuejia,231
Hugo,226
Yuichiro,228
Jaewon,223
Munir,229
Chikara,246
Dayanand,232
Kiyotoshi,247
Zhonghui,232
Armond,238
Ohad,201
Hinrich,229
Geraldo,248
Syozo,235
Kayoko,261
Subir,237
Babette,248
Nishit,229
Magdalena,203
Ayakannu,238
Giri,270
Diederik,226
Nathan,240
Zissis,241
Maren,235
Perry,233
Ewing,269
Yucel,224
Sakthirel,249
Marla,239
Chenyi,243
Douadi,222
Xiadong,210
Zhenbing,232
Itzchak,244
Jaques,234
Heekeun,238
Abdulah,220
Adas,216
Sumali,203
Nigel,240
Khedija,216
Serif,216
Debatosh,232
Hairong,266
Florina,239
Jagoda,224
Miyeon,255
Samphel,242
Dharmaraja,224
Sampalli,236
Kasturi,236
Herbert,253
Shigeu,262
Shrikanth,218
Badri,227
Aleksandar,234
Pragnesh,254
Valery,250
Deniz,251
Shaw,224
Sibyl,229
Moriyoshi,211
Mechthild,242
Mihalis,210
Duro,241
Shigehito,262
Tommaso,233
Christ,238
Khalid,242
Arve,228
Zdislav,243
Mohua,230
Masaru,242
Josyula,244
Annemarie,222
Marc,232
Kasidit,221
Pranav,269
Kazuhisa,260
Vidya,232
Idoia,256
Greger,234
Steen,244
Nevio,227
Mabhin,252
Alassane,234
Girolamo,221
Xiping,224
Yolla,238
Yuping,215
Vishu,240
Jackson,256
Tadahiko,218
Xiaobin,230
Amstein,231
Yongmin,236
Zhenhua,257
Genta,245
Kish,252
Yucai,241
Tze,227
Carrsten,230
Leon,252
Kellie,226
Anneli,232
Karoline,234
Ulises,223
Clyde,220
Shaowen,227
Marko,234
Lein,242
Arunachalam,231
Susanta,221
Susumu,246
Yannis,242
Mototsugu,226
Nikolaos,249
Remko,249
Ortrud,211
Wonhee,256
Foong,255
Ramalingam,223
Basem,198
Heon,246
Frederique,261
Marie,235
Serap,262
Alair,242
Shirish,249
Zsolt,236
Shen,270
Roddy,250
Irene,263
Aiman,224
Susanna,236
Alper,238
Mang,263
Mahendra,226
Takahiro,250
Nalini,251
Sukumar,237
Shaunak,267
Taizo,248
Bedir,238
Sham,245
Yishai,229
Baocai,240
Dmitri,223
Marek,235
Xuejun,234
Isaac,227
Lubomir,245
Barton,232
Stabislas,226
Moty,210
Hercules,255
Kauko,257
Masali,231
Saddek,254
Selwyn,238
Shay,233
Yongmao,227
Dipayan,229
Rutger,238
Kristine,217
Petter,221
Narain,216
Dietrich,261
Ipke,234
Faiza,246
Marlo,237
Bernt,235
Hirochika,233
Heng,263
Dzung,253
Prodip,265
Aksel,241
Hsiangchu,237
Rasiah,227
Subbu,223
Christfried,228
Maris,221
Christoper,239
Arie,255
Uinam,249
Guenter,235
Isamu,221
Kankanahalli,245
Bernardo,246
Roded,225
Serenella,236
Arto,244
Masanao,226
Snehasis,222
Falguni,233
Toshimori,248
Goa,219
Teunis,232
Djelloul,237
Wilmer,246
Stella,236
Dinah,231
Uwe,211
Arra,241
Aamod,216
Oksana,248
Kristen,254
Erzsebet,262
Phule,216
Moto,213
Satyanarayana,242
Vasilis,231
Hausi,252
Qunsheng,230
Seshu,238
Shalesh,242
Toshiki,225
Nakhoon,230
Rosine,240
Morrie,227
Hyuckchul,261
Hatim,232
Ioana,237
Hongzue,238
Willard,251
Dante,249
Fai,229
Marl,229
Takahira,237
Mikhail,247
Jiong,233
Leucio,238
Feiyu,234
Khatoun,247
Eishiro,245
Make,275
Wanqing,218
Jiann,233
Yagil,238
Shawna,253
Irena,241
Shooichi,255
Eckart,258
Volkmar,214
Atreyi,251
Hilary,238
Sigeru,232
Ulf,231
Martijn,248
Mario,254
Takahito,230
Lidong,258
Masoud,242
Yinlin,245
Mark,230
Uli,234
Bingning,243
Candida,248
Maria,239
Kaijung,244
Divine,230
Sashi,221
Arunas,229
Khosrow,210
Cathie,221
Martien,220
Ferdinand,224
Marsha,236
Yahiko,255
Evgueni,227
Jolita,216
Akeel,228
Adel,243
Shichao,240
Kazuhira,232
Junichi,231
Ebru,212
Ronghao,252
Khun,260
Bodh,251
Werner,221
Tsvetan,202
Sverrir,256
Stepehn,234
Oddvar,222
Gina,246
Ennio,243
Shushma,223
Gal,243
Ung,234
Jiakeng,252
Yoshimitsu,241
Munehiko,246
Peternela,224
Jouko,232
Salvador,260
Przemyslawa,262
Kenton,245
Kokou,250
Maik,239
Zhiwei,241
Nirmal,227
Teruyuki,231
Elvia,241
Huiqun,246
Garnik,211
Lobel,238
Yakkov,232
Anyuan,278
Gretta,257
Pramod,258
Vojin,223
Susuma,217
Yonghoan,217
Dannz,267
Xiong,231
Kotesh,233
Abdelwaheb,241
Keung,217
Khoa,237
Tomofumi,245
Raimond,262
Tiina,241
Marin,226
Jenwei,231
Kwangsub,237
Marke,226
Malu,220
Shigehiro,219
Yuchang,215
Kwangho,227
Tetsushi,291
Koichi,256
Ymte,260
Boriana,234
Oguz,214
Mohamadou,226
Yechiam,241
Martins,227
Godehard,228
Ishfaq,200
Hauke,222
Nechama,226
Beshir,198
Manton,226
Rajmohan,237
Dines,246
Vitaly,251
JoAnna,236
Serge,237
Shuky,215
Mohit,227
Jianhao,232
Jianhui,210
Sreenivas,232
Fun,230
Cordelia,229
Theirry,249
Xiaoqiu,231
Shigeaki,217
Odinaldo,234
Shmuel,235
Mana,239
Sajjad,237
Kirk,229
Behnaam,224
Shigeo,213
Hidde,235
Almudena,224
Kiyokazu,233
Sanjit,219
Margo,225
Emran,205
Wayne,215
Moti,216
Rosalyn,249
Adhemar,218
Janche,249
Gil,228
Inderjeet,228
Gila,224
Hidekazu,213
Ranga,252
Vivian,245
Marit,216
Turgut,232
Aleksander,234
Leszek,232
Danil,239
Krisda,234
Lalit,264
Sorina,208
Nahid,199
Toney,249
Saeko,221
Heejo,225
Guozhong,248
Slavian,230
Pranas,234
Fumiyo,248
Tesuro,235
Vitali,270
Hongzhu,237
Zijian,227
Danai,249
Nahla,220
Sanjay,239
Juichirou,220
Junsik,224
Ottavia,249
Xumin,208
Qingxiang,246
Zhonghua,203
Makato,213
Yurij,266
Shunichi,250
Bluma,226
Abdelaziz,227
Valeri,245
Alejandra,233
Chriss,250
Neven,245
Guiseppe,237
Aimee,228
Zongyan,254
Avishai,208
Xiaopeng,237
Satoru,236
Matt,233
Denny,236
Larisa,228
Rildo,241
Zorica,225
Unal,238
Angel,248
Hyuncheol,238
Gonzalo,242
Aral,225
Jiafu,223
Arvind,258
Uma,247
Aran,221
Adib,249
Bernd,240
Aluzio,208
Garnet,210
Zita,224
Saeed,266
Ugo,257
Percy,227
Fumitaka,240
Morris,248
Sangeeta,214
Sachar,234
Gurbir,231
Vincent,238
Rosita,227
Gor,234
Sven,228
Shim,225
Kiyomitsu,225
Yaghout,227
Poorav,229
Kolar,229
King,244
Jordanka,243
Byong,251
Odysseas,228
Paddy,218
JiYoung,216
Phillip,250
Lech,185
Giap,235
Yunming,250
Goetz,242
Nathalie,221
Monique,268
Munehiro,228
Jacqueline,219
Xiaoheng,245
Mahmut,244
Mizuhito,232
Mori,216
Goncalo,225
Weijing,219
Keiichiro,230
Patricia,215
Shiv,239
Frazer,240
Aruna,206
Chinya,225
Supot,267
Elliott,238
Gad,243
Masato,241
Katsuyuki,233
Terresa,233
Kerhong,240
Chenxi,221
Lijie,235
Ashish,246
Berthier,227
Nidapan,252
Renny,185
Pascal,225
Arfst,244
Fan,226
Arnd,249
Fen,215
Toong,239
Tomoyuki,237
Jianhua,241
Chuanti,248
Mohammad,242
Honesty,236
Tokuyasu,263
Piyawadee,253
Yoshinari,260
Fusako,232
Howell,257
Danco,210
Fayez,241
Billur,221
Houman,221
Guangming,203
Shahid,241
Aram,232
Filipp,254
Lakshmi,221
Muzhong,241
Weiye,226
Katsuo,232
Shimshon,233
Rayond,262
Sushant,241
Cheong,229
Susanne,245
Kazunori,239
Suebskul,213
Vishwani,233
Adil,249
Arno,261
Munenori,218
Chrisa,227
Visit,249
Arco,234
Oscal,214
Tesuya,226
Reinhard,246
Mara,230
Younwoo,233
Leni,209
Udaiprakash,222
Arch,229
Abdulla,226
Juyoung,215
Bartek,246
Mountaz,210
Shaowei,256
Matk,219
Toshimitsu,234
Berna,205
Kazuhiro,210
Shaz,240
Shigeichiro,242
Marco,241
Jahangir,228
Urs,221
Duke,248
Huican,276
Kerryn,248
Weiwu,228
Naraig,220
Hatsukazu,252
Takushi,241
Eran,255
Gen,240
Fumiko,239
Muneo,253
Hitomi,228
Elrique,245
Sugwoo,237
Pranjal,256
Chiradeep,227
Masako,255
Flemming,239
Shin,249
Zhensheng,245
Chenye,227
Alselm,216
Insup,206
Baziley,227
Mariangiola,265
Olivera,247
Gennady,226
Taegyun,251
Baoqiu,231
Jeanna,231
Jovan,222
Srinidhi,253
Apostol,232
Yifei,249
Kwan,215
Bangqing,246
Lansing,205
Jinya,231
Stamatina,237
Gou,199
Iara,244
Chikako,257
Jixiang,250
Gift,242
Utpal,208
Shaleah,229
Palash,225
Adly,215
Genevieve,241
Pintsang,249
Filipe,255
Vatsa,237
Honglan,221
Yuriy,223
Spyrose,256
Youssef,258
Hideyuki,253
Piyush,239
Sanjai,256
Barry,255
Hailing,230
Changho,228
Sadun,237
Conal,212
Souichi,226
Licheng,219
Xiaoshan,229
Shugo,248
Woody,222
Manibrata,247
Hein,235
Holgard,222
Aris,234
Danae,244
Chinho,223
Valeska,218
Boaz,232
Shahab,295
Sahrah,217
Vugranam,220
Herb,239
Gladys,194
Hideo,224
Kristin,259
Hugh,233
Bogdan,206
Elgin,279
Vasiliy,209
Moheb,244
Yongdong,245
Jinxi,228
Ayonca,238
Zhanqiu,203
Domenico,199
Moon,243
Masaki,250
Becky,227
Anwar,230
Djenana,252
Minghong,236
Yuguang,256
Kristian,225
Tooru,236
Akhilish,209
Mingzeng,232
Kellyn,251
Mitsuyuki,262
Aloys,236
Koldo,240
Kazuyasu,224
Val,266
Gennadi,207
Tadahiro,246
Leif,239
Tayeb,246
Kamakshi,251
Rimon,217
Utz,231
Youpyo,232
Weicheng,228
Yakichi,251
Kiam,241
Navin,254
Jaideep,257
Randi,235
Gudjon,234
Weidon,254
Amalendu,225
Ingemar,232
Bokyung,245
Kwangjo,219
Bernice,233
Randy,248
Joydip,246
Naftali,209
Tru,230
Abdelkader,222
Shem,235
Jaewoo,225
Augustine,246
Subhankar,229
Mohd,206
Caolyn,218
Shih,244
Ult,224
Gopalakrishnan,226
Atilio,206
Limsoon,238
Gunilla,235
Xudong,248
Youngkon,229
Yurii,216
Zito,251
Kristina,234
Tianruo,254
Radoslaw,253
Nevin,226
Subhrajyoti,232
Toshimi,248
Christophe,237
Masamitsu,224
Jaana,234
Ronnie,222
Fatemeh,220
Masadi,221
Nectarios,236
Fumiya,212
Oscar,236
Luisa,245
Freyja,241
Bedrich,240
Thanasis,229
Martial,223
Gro,221
Yannik,261
Leaf,240
Tsutomu,222
Renee,250
Haldun,220
Remco,236
Nagui,216
Chiranjit,256
Fei,256
Szabolcs,253
Stevo,251
Boutros,228
Guttorm,218
Subhada,243
Constantino,236
Dekang,243
Fox,239
Shridhar,251
Zine,244
Sandeepan,238
Maha,210
Menkae,223
Neelam,222
Toshimo,206
Shigenori,256
Ranan,228
Zhaofang,215
Shietung,245
Rance,264
Arlette,229
Hatem,271
Halsur,228
Eldridge,269
Tonny,245
Alagu,234
Radhika,237
Surveyors,228
Aemilian,207
DAIDA,246
Chanjung,245
Chinhyun,253
Maia,242
Elzbieta,252
Subhash,238
Masasuke,243
Candido,242
Sungwon,221
Jaihie,229
Akeno,239
Rimli,248
Sastry,240
Martina,231
Teiji,244
Jinpo,212
Edwin,227
Chaitali,239
Takanari,264
Sariel,269
Deborah,248
Tomokazu,221
Eirik,220
Siamak,245
Lijia,254
Moni,236
Zhilian,249
Gian,211
Taiji,243
Zeljko,245
Miquel,214
JoAnne,237
Gill,239
Jeanne,233
Mohammed,229
Tremaine,232
Uno,236
Hiroyasu,239
Leah,255
Henk,231
Fumitake,222
Nadjib,257
Owen,247
Denis,232
Arun,241
Doowon,236
Radhia,243
Xuedong,270
Xianlong,244
Richard,247
Tzu,236
Sanjoy,247
Ramya,222
Venkatesan,249
Felicidad,245
Lihong,231
Mong,258
Feixiong,220
Along,248
Nimmagadda,221
Krassimir,231
Chandrasekaran,238
Arvin,247
Gaurav,231
Naftaly,252
Aron,213
Giordano,245
Dhritiman,233
Tua,213
Sarita,224
Huai,222
Barun,223
Atreye,258
Sachem,229
Aamer,228
Bikash,223
Shan,249
Gita,238
Manohar,231
Niranjan,218
Dmitry,242
Chaosheng,237
Maya,236
Arnould,233
Navid,227
Suvo,224
Fabrizio,240
Basim,228
Fumino,235
Oldrich,264
Remmert,240
Mitchel,233
Aiichiro,237
DeForest,216
Sadegh,228
Tamiya,248
Miomir,246
Mayuri,230
Shai,226
Horward,232
KayLiang,214
Kensyu,246
Arup,222
Poornachandra,238
Ger,231
Yechezkel,247
LiMin,221
Vasilii,234
Lenore,226
Seongbae,215
Luise,218
Kensei,248
Mads,236
Chuanyi,244
Achilleas,231
Torsten,242
Guadalupe,240
Rosalie,229
Karlis,256
Steve,245
Michaela,211
Panayotis,272
Xinan,231
Bilhanan,239
Weiru,228
Mostafa,266
Pranay,259
Nobuyoshi,223
Dulce,248
Shakhar,250
Sachin,232
Gadiel,224
Xiahua,245
Jingling,246
Shounak,243
Gregory,218
Waiman,245
Ghassan,224
Alois,228
Moie,234
Shahar,224
Harngdar,219
Toshiko,246
Guther,260
Rosella,217
Lucian,227
Gay,225
Bowen,234
Heeju,261
Macha,233
Billie,222
Aloke,230
Niteen,250
Nikolaus,232
Constantijn,224
Gianluca,232
Genki,221
Pasqua,244
Kitty,224
Mart,253
Geoffry,218
Heather,229
Wuxu,237
Zhiguo,250
Tetsurou,236
Kwun,240
Kagan,224
Krister,231
Vidar,224
Kristinn,259
Shaibal,245
Mooi,238
Jaroslava,193
Sadok,252
Uzi,249
Soenke,213
Thodoros,219
Manu,267
Mack,234
Jianwen,236
Shao,236
Jongsuk,252
Xiaoqiang,221
Sanjeeva,229
True,217
Cullen,246
Basant,242
Khue,241
Etsuo,235
Stein,243
Radhakrishnan,226
Izaskun,241
Boguslaw,255
Rosli,235
Claude,228
Trygve,223
Tonia,219
Niclas,229
Conor,241
Kazuhiko,258
Haldon,215
Ramachenga,229
Sasan,228
Jeane,230
Stafford,236
Theron,236
Jouni,240
Richara,246
Debaprosad,213
Adam,251
Ingmar,218
Goo,214
Yuuichi,244
Yuqun,240
Odoardo,244
Laurentiu,214
Berry,269
Mari,232
Kien,237
Luerbio,241
Luigi,238
Sajjan,197
Parke,252
George,231
Alenka,207
Goh,224
Ziyad,229
Nahum,249
Peer,232
Sergi,256
Hitofumi,243
Shuji,240
Mingdong,239
Qiwen,246
Bouchung,249
Gio,235
Huei,230
Kristof,217
Mabo,245
Mats,229
Zeydy,235
Kwangyoen,224
Zejun,206
Khalil,223
Jacopo,263
Fay,227
Baruch,231
Van,239
Ibibia,235
Mircea,222
Lorien,232
Dipankar,257
Gritta,226
Mohan,237
Youjian,228
Shuzo,263
Reinhold,238
Geoff,228
Dinkar,223
Tsuneo,224
Christoph,215
Gilbert,251
Jayesh,265
Fuqing,221
Georg,249
Danny,236
Xiaocheng,222
Troy,223
Feipei,224
Mandell,227
Kersti,257
Quingbo,237
Sachio,260
Ekawit,246
Persi,214
Otilia,249
Maja,204
Wojceich,248
Premsyl,242
Pohua,236
Uta,240
Ortrun,224
Francoise,251
Tadanori,207
Demin,264
Rasikan,225
Gully,223
Mabry,216
Temple,230
Rafols,243
Kinh,252
Froduald,203
Ute,256
Yonghong,241
Doohun,240
Tran,240
Eric,244
Zhigen,237
Marsal,238
Vesna,221
Geoffrey,236
Marjo,248
Chaoyi,215
Shuichi,219
Cedric,227
Shuho,211
Sudhanshu,245
Charmane,230
Yefim,261
Mani,256
Ziya,207
Mansur,268
Mamdouh,212
Nitsan,228
Giao,228
Sedat,230
Franziska,231
Duri,221
Paloma,246
Tsz,246
Taisook,251
Brewster,267
Jamaludin,244
Anestis,215
IEEE,235
Angus,240
Harjit,218
Phuoc,250
Seongbin,228
Marsja,235
Golgen,230
Tristan,235
Siddarth,246
Francesca,228
Leen,246
Emdad,259
Adin,236
Boalin,236
Kwok,233
Jaber,264
Udo,228
Rafail,213
Lene,236
Gererd,224
Lokesh,241
Constantine,252
Lena,237
Indrajit,224
Arne,233
Murthy,235
Branimir,225
Brigham,241
Jasminko,248
Leandro,213
Martine,234
Mrinalini,231
Jessie,216
Conrado,248
Demos,239
Barna,220
Ziva,238
Collette,252
Pantung,226
Kousuke,252
Abdelghani,247
Rafael,220
Jiang,247
Alexius,218
Aria,229
Zengping,221
Gaetan,249
Berto,248
Adit,234
Kannan,236
Uriel,223
Mantis,229
Kamran,234
Janalee,230
Sivanarayana,214
Masami,233
Paris,229
Roselyn,233
Padma,246
Noritoshi,225
Bodo,222
Khaled,233
Ravishankar,214
